customer_code,customer_name,division_id,field_team_code,hierarchy_type,city,state
1,Yohannan Building Materials,40,WSSTTY11,Sales Hierarchy,Chennai,Tamil Nadu
2,Lall Enterprises,20,WSSTTY4,Sales Hierarchy,Indore,Madhya Pradesh
3,Sangha Hardware Store,10,WSSTTY1,Sales Hierarchy,Kolkata,West Bengal
4,Rastogi Agencies,10,WSSTTY1,Sales Hierarchy,Chennai,Tamil Nadu
5,Pathak Enterprises,10,WSSTTY3,MDI Hierarchy,Jaipur,Rajasthan
6,Kanda Agencies,30,WSSTTY9,Sales Hierarchy,Chennai,Tamil Nadu
7,Devi Enterprises,20,WSSTTY6,MDI Hierarchy,Indore,Madhya Pradesh
8,Upadhyay Hardware Store,10,WSSTTY3,Sales Hierarchy,Jaipur,Rajasthan
9,Tak Hardware Store,20,WSSTTY4,Sales Hierarchy,Lucknow,Uttar Pradesh
10,Chand Agencies,40,WSSTTY12,Sales Hierarchy,Surat,Gujarat
11,Batta Traders,30,WSSTTY9,MDI Hierarchy,Kolkata,West Bengal
12,Choudhary Agencies,10,WSSTTY3,Sales Hierarchy,Surat,Gujarat
13,Dua Enterprises,20,WSSTTY5,Sales Hierarchy,Pune,Maharashtra
14,Dutta Agencies,20,WSSTTY5,Sales Hierarchy,Pune,Maharashtra
15,Sami Hardware Store,10,WSSTTY3,Sales Hierarchy,Indore,Madhya Pradesh
16,Bhatt Paints & Hardware,30,WSSTTY7,Sales Hierarchy,Delhi,Delhi
17,Rajan Traders,10,WSSTTY2,Sales Hierarchy,Indore,Madhya Pradesh
18,Raj Hardware Store,30,WSSTTY7,Sales Hierarchy,Mumbai,Maharashtra
19,Sidhu Hardware Store,10,WSSTTY3,Sales Hierarchy,Chennai,Tamil Nadu
20,Wadhwa Traders,20,WSSTTY4,Sales Hierarchy,Bengaluru,Karnataka
21,Krishnamurthy Enterprises,10,WSSTTY1,Sales Hierarchy,Chennai,Tamil Nadu
22,Apte Paints & Hardware,20,WSSTTY6,MDI Hierarchy,Ahmedabad,Gujarat
23,Contractor Enterprises,40,WSSTTY12,Sales Hierarchy,Jaipur,Rajasthan
24,Yadav Agencies,30,WSSTTY8,Sales Hierarchy,Lucknow,Uttar Pradesh
25,Loke Paints & Hardware,20,WSSTTY5,Sales Hierarchy,Ahmedabad,Gujarat
26,Oak Hardware Store,40,WSSTTY12,MDI Hierarchy,Ahmedabad,Gujarat
27,Choudhury Enterprises,40,WSSTTY12,MDI Hierarchy,Lucknow,Uttar Pradesh
28,Memon Agencies,20,WSSTTY6,MDI Hierarchy,Lucknow,Uttar Pradesh
29,Saran Enterprises,10,WSSTTY3,Sales Hierarchy,Surat,Gujarat
30,Dugar Paints & Hardware,10,WSSTTY3,MDI Hierarchy,Lucknow,Uttar Pradesh
31,Setty Enterprises,10,WSSTTY1,Sales Hierarchy,Surat,Gujarat
32,Aggarwal Traders,10,WSSTTY3,Sales Hierarchy,Kolkata,West Bengal
33,Lall Traders,10,WSSTTY3,Sales Hierarchy,Delhi,Delhi
34,Tella Hardware Store,40,WSSTTY10,Sales Hierarchy,Kolkata,West Bengal
35,Gokhale Traders,20,WSSTTY5,Sales Hierarchy,Delhi,Delhi
36,Tripathi Building Materials,10,WSSTTY2,Sales Hierarchy,Kolkata,West Bengal
37,Cherian Hardware Store,20,WSSTTY6,Sales Hierarchy,Ahmedabad,Gujarat
38,Misra Traders,10,WSSTTY1,Sales Hierarchy,Delhi,Delhi
39,Tripathi Traders,20,WSSTTY6,Sales Hierarchy,Lucknow,Uttar Pradesh
40,Issac Enterprises,40,WSSTTY12,Sales Hierarchy,Kolkata,West Bengal
41,Dua Traders,10,WSSTTY3,Sales Hierarchy,Indore,Madhya Pradesh
42,Prakash Traders,10,WSSTTY2,Sales Hierarchy,Delhi,Delhi
43,Edwin Enterprises,40,WSSTTY12,MDI Hierarchy,Surat,Gujarat
44,Zacharia Hardware Store,20,WSSTTY6,Sales Hierarchy,Delhi,Delhi
45,Wali Enterprises,30,WSSTTY7,Sales Hierarchy,Surat,Gujarat
46,Acharya Traders,20,WSSTTY5,Sales Hierarchy,Lucknow,Uttar Pradesh
47,Naik Traders,40,WSSTTY11,Sales Hierarchy,Lucknow,Uttar Pradesh
48,Suresh Traders,20,WSSTTY6,MDI Hierarchy,Indore,Madhya Pradesh
49,Bahl Agencies,20,WSSTTY6,MDI Hierarchy,Mumbai,Maharashtra
50,Choudhury Traders,10,WSSTTY3,MDI Hierarchy,Hyderabad,Telangana
51,Patil Building Materials,40,WSSTTY12,Sales Hierarchy,Mumbai,Maharashtra
52,Mohanty Agencies,20,WSSTTY6,Sales Hierarchy,Kolkata,West Bengal
53,Khatri Building Materials,10,WSSTTY1,Sales Hierarchy,Mumbai,Maharashtra
54,Bhardwaj Enterprises,10,WSSTTY1,Sales Hierarchy,Indore,Madhya Pradesh
55,Khosla Paints & Hardware,30,WSSTTY9,Sales Hierarchy,Bengaluru,Karnataka
56,Brar Traders,20,WSSTTY5,Sales Hierarchy,Lucknow,Uttar Pradesh
57,Chada Agencies,10,WSSTTY3,MDI Hierarchy,Surat,Gujarat
58,Sunder Building Materials,30,WSSTTY9,MDI Hierarchy,Surat,Gujarat
59,Biswas Agencies,10,WSSTTY3,MDI Hierarchy,Bengaluru,Karnataka
60,Walia Agencies,20,WSSTTY6,Sales Hierarchy,Indore,Madhya Pradesh
61,Dass Paints & Hardware,10,WSSTTY1,Sales Hierarchy,Kolkata,West Bengal
62,Dave Hardware Store,10,WSSTTY1,Sales Hierarchy,Kolkata,West Bengal
63,Soman Agencies,10,WSSTTY1,Sales Hierarchy,Kolkata,West Bengal
64,Gandhi Traders,20,WSSTTY4,Sales Hierarchy,Mumbai,Maharashtra
65,Lanka Hardware Store,20,WSSTTY6,Sales Hierarchy,Delhi,Delhi
66,Wable Traders,10,WSSTTY3,MDI Hierarchy,Lucknow,Uttar Pradesh
67,Sampath Paints & Hardware,30,WSSTTY7,Sales Hierarchy,Indore,Madhya Pradesh
68,Kakar Traders,10,WSSTTY3,MDI Hierarchy,Pune,Maharashtra
69,Zacharia Agencies,40,WSSTTY11,Sales Hierarchy,Chennai,Tamil Nadu
70,Iyer Paints & Hardware,10,WSSTTY1,Sales Hierarchy,Hyderabad,Telangana
71,Muni Paints & Hardware,40,WSSTTY12,MDI Hierarchy,Surat,Gujarat
72,Rastogi Traders,10,WSSTTY1,Sales Hierarchy,Jaipur,Rajasthan
73,Prakash Building Materials,10,WSSTTY1,Sales Hierarchy,Jaipur,Rajasthan
74,Sarma Paints & Hardware,10,WSSTTY2,Sales Hierarchy,Bengaluru,Karnataka
75,Varughese Enterprises,10,WSSTTY1,Sales Hierarchy,Bengaluru,Karnataka
76,Seth Agencies,20,WSSTTY6,MDI Hierarchy,Bengaluru,Karnataka
77,Dara Hardware Store,10,WSSTTY2,Sales Hierarchy,Chennai,Tamil Nadu
78,Kota Hardware Store,20,WSSTTY6,Sales Hierarchy,Delhi,Delhi
79,Kar Paints & Hardware,20,WSSTTY5,Sales Hierarchy,Ahmedabad,Gujarat
80,Bhatt Agencies,10,WSSTTY3,MDI Hierarchy,Kolkata,West Bengal
81,Nigam Enterprises,10,WSSTTY1,Sales Hierarchy,Kolkata,West Bengal
82,Bail Traders,40,WSSTTY12,MDI Hierarchy,Jaipur,Rajasthan
83,Karpe Enterprises,40,WSSTTY11,Sales Hierarchy,Pune,Maharashtra
84,Kannan Traders,30,WSSTTY9,MDI Hierarchy,Mumbai,Maharashtra
85,Amble Hardware Store,30,WSSTTY7,Sales Hierarchy,Jaipur,Rajasthan
86,Bobal Traders,20,WSSTTY5,Sales Hierarchy,Delhi,Delhi
87,Bhargava Agencies,10,WSSTTY2,Sales Hierarchy,Kolkata,West Bengal
88,Karnik Traders,10,WSSTTY2,Sales Hierarchy,Kolkata,West Bengal
89,Bir Enterprises,20,WSSTTY6,Sales Hierarchy,Lucknow,Uttar Pradesh
90,Balay Traders,40,WSSTTY12,Sales Hierarchy,Kolkata,West Bengal
91,Narayanan Agencies,10,WSSTTY3,Sales Hierarchy,Pune,Maharashtra
92,Bobal Enterprises,30,WSSTTY9,MDI Hierarchy,Surat,Gujarat
93,Varkey Building Materials,30,WSSTTY8,Sales Hierarchy,Mumbai,Maharashtra
94,Khanna Traders,10,WSSTTY3,MDI Hierarchy,Jaipur,Rajasthan
95,Mallick Paints & Hardware,10,WSSTTY3,MDI Hierarchy,Lucknow,Uttar Pradesh
96,Sunder Hardware Store,10,WSSTTY3,Sales Hierarchy,Kolkata,West Bengal
97,Kala Enterprises,20,WSSTTY6,Sales Hierarchy,Kolkata,West Bengal
98,Zacharia Traders,20,WSSTTY6,Sales Hierarchy,Indore,Madhya Pradesh
99,Deo Enterprises,10,WSSTTY1,Sales Hierarchy,Kolkata,West Bengal
100,Solanki Paints & Hardware,10,WSSTTY3,Sales Hierarchy,Pune,Maharashtra
101,Kibe Hardware Store,10,WSSTTY2,Sales Hierarchy,Mumbai,Maharashtra
102,Solanki Enterprises,10,WSSTTY2,Sales Hierarchy,Bengaluru,Karnataka
103,Ray Hardware Store,10,WSSTTY3,MDI Hierarchy,Pune,Maharashtra
104,Gupta Building Materials,40,WSSTTY11,Sales Hierarchy,Surat,Gujarat
105,Chandra Enterprises,10,WSSTTY3,Sales Hierarchy,Ahmedabad,Gujarat
106,Chatterjee Traders,10,WSSTTY1,Sales Hierarchy,Delhi,Delhi
107,Sankar Agencies,10,WSSTTY2,Sales Hierarchy,Kolkata,West Bengal
108,Pandya Building Materials,10,WSSTTY3,Sales Hierarchy,Indore,Madhya Pradesh
109,Sampath Building Materials,30,WSSTTY7,Sales Hierarchy,Hyderabad,Telangana
110,Roy Agencies,40,WSSTTY12,MDI Hierarchy,Indore,Madhya Pradesh
111,Sibal Enterprises,10,WSSTTY3,Sales Hierarchy,Ahmedabad,Gujarat
112,Bhagat Hardware Store,30,WSSTTY9,MDI Hierarchy,Kolkata,West Bengal
113,Chaudhari Building Materials,10,WSSTTY2,Sales Hierarchy,Delhi,Delhi
114,Bhat Traders,40,WSSTTY12,MDI Hierarchy,Hyderabad,Telangana
115,Rau Agencies,40,WSSTTY12,Sales Hierarchy,Mumbai,Maharashtra
116,Nori Paints & Hardware,10,WSSTTY3,Sales Hierarchy,Chennai,Tamil Nadu
117,Chopra Enterprises,10,WSSTTY3,Sales Hierarchy,Delhi,Delhi
118,Kothari Traders,20,WSSTTY4,Sales Hierarchy,Surat,Gujarat
119,Handa Agencies,10,WSSTTY2,Sales Hierarchy,Pune,Maharashtra
120,Gupta Building Materials,30,WSSTTY9,MDI Hierarchy,Chennai,Tamil Nadu
121,Yadav Traders,10,WSSTTY3,MDI Hierarchy,Kolkata,West Bengal
122,Sen Enterprises,20,WSSTTY6,Sales Hierarchy,Mumbai,Maharashtra
123,Dey Paints & Hardware,30,WSSTTY9,MDI Hierarchy,Bengaluru,Karnataka
124,Sami Enterprises,30,WSSTTY8,Sales Hierarchy,Pune,Maharashtra
125,Goswami Agencies,30,WSSTTY7,Sales Hierarchy,Pune,Maharashtra
126,Mallick Agencies,40,WSSTTY12,Sales Hierarchy,Surat,Gujarat
127,Shere Building Materials,40,WSSTTY12,Sales Hierarchy,Kolkata,West Bengal
128,Krish Hardware Store,40,WSSTTY10,Sales Hierarchy,Mumbai,Maharashtra
129,Borra Paints & Hardware,40,WSSTTY11,Sales Hierarchy,Chennai,Tamil Nadu
130,Savant Building Materials,40,WSSTTY11,Sales Hierarchy,Ahmedabad,Gujarat
131,Chaudhari Hardware Store,20,WSSTTY6,Sales Hierarchy,Surat,Gujarat
132,Bedi Paints & Hardware,10,WSSTTY3,MDI Hierarchy,Jaipur,Rajasthan
133,Zachariah Paints & Hardware,10,WSSTTY3,MDI Hierarchy,Lucknow,Uttar Pradesh
134,Aurora Traders,10,WSSTTY3,MDI Hierarchy,Surat,Gujarat
135,Chander Building Materials,10,WSSTTY3,MDI Hierarchy,Ahmedabad,Gujarat
136,Khalsa Traders,40,WSSTTY12,MDI Hierarchy,Mumbai,Maharashtra
137,Ganesan Paints & Hardware,10,WSSTTY2,Sales Hierarchy,Ahmedabad,Gujarat
138,Ray Traders,30,WSSTTY7,Sales Hierarchy,Jaipur,Rajasthan
139,Sunder Hardware Store,10,WSSTTY3,MDI Hierarchy,Ahmedabad,Gujarat
140,Srivastava Hardware Store,10,WSSTTY3,Sales Hierarchy,Kolkata,West Bengal
141,Kala Hardware Store,40,WSSTTY10,Sales Hierarchy,Ahmedabad,Gujarat
142,Rattan Paints & Hardware,40,WSSTTY12,Sales Hierarchy,Chennai,Tamil Nadu
143,Bhargava Traders,40,WSSTTY12,MDI Hierarchy,Lucknow,Uttar Pradesh
144,Gala Paints & Hardware,10,WSSTTY1,Sales Hierarchy,Mumbai,Maharashtra
145,Raghavan Hardware Store,10,WSSTTY1,Sales Hierarchy,Bengaluru,Karnataka
146,Agate Agencies,30,WSSTTY9,MDI Hierarchy,Ahmedabad,Gujarat
147,Ramakrishnan Building Materials,10,WSSTTY2,Sales Hierarchy,Hyderabad,Telangana
148,Lanka Agencies,20,WSSTTY6,Sales Hierarchy,Pune,Maharashtra
149,Sha Enterprises,30,WSSTTY9,MDI Hierarchy,Pune,Maharashtra
150,Mangal Traders,10,WSSTTY1,Sales Hierarchy,Delhi,Delhi
151,Sampath Building Materials,40,WSSTTY12,MDI Hierarchy,Jaipur,Rajasthan
152,Sur Enterprises,10,WSSTTY2,Sales Hierarchy,Pune,Maharashtra
153,Dubey Paints & Hardware,10,WSSTTY3,Sales Hierarchy,Jaipur,Rajasthan
154,Gupta Hardware Store,40,WSSTTY12,MDI Hierarchy,Lucknow,Uttar Pradesh
155,Minhas Agencies,40,WSSTTY12,Sales Hierarchy,Indore,Madhya Pradesh
156,Kalla Traders,10,WSSTTY2,Sales Hierarchy,Jaipur,Rajasthan
157,Bhardwaj Agencies,40,WSSTTY12,MDI Hierarchy,Delhi,Delhi
158,Bhat Hardware Store,10,WSSTTY3,MDI Hierarchy,Mumbai,Maharashtra
159,Murthy Enterprises,10,WSSTTY2,Sales Hierarchy,Delhi,Delhi
160,Bhandari Agencies,40,WSSTTY10,Sales Hierarchy,Hyderabad,Telangana
161,Bedi Enterprises,30,WSSTTY9,Sales Hierarchy,Pune,Maharashtra
162,Sood Enterprises,30,WSSTTY7,Sales Hierarchy,Indore,Madhya Pradesh
163,Thakkar Hardware Store,20,WSSTTY5,Sales Hierarchy,Pune,Maharashtra
164,Wali Building Materials,20,WSSTTY6,Sales Hierarchy,Chennai,Tamil Nadu
165,Dugar Hardware Store,30,WSSTTY9,Sales Hierarchy,Ahmedabad,Gujarat
166,Bhandari Traders,30,WSSTTY7,Sales Hierarchy,Ahmedabad,Gujarat
167,Trivedi Agencies,20,WSSTTY6,Sales Hierarchy,Lucknow,Uttar Pradesh
168,Buch Building Materials,40,WSSTTY12,Sales Hierarchy,Lucknow,Uttar Pradesh
169,Grewal Traders,40,WSSTTY10,Sales Hierarchy,Indore,Madhya Pradesh
170,Biswas Building Materials,20,WSSTTY5,Sales Hierarchy,Hyderabad,Telangana
171,Bir Traders,20,WSSTTY5,Sales Hierarchy,Jaipur,Rajasthan
172,Keer Building Materials,30,WSSTTY7,Sales Hierarchy,Delhi,Delhi
173,Raval Enterprises,30,WSSTTY9,Sales Hierarchy,Lucknow,Uttar Pradesh
174,Dar Agencies,10,WSSTTY3,MDI Hierarchy,Pune,Maharashtra
175,Koshy Agencies,30,WSSTTY9,MDI Hierarchy,Pune,Maharashtra
176,Baral Building Materials,30,WSSTTY9,Sales Hierarchy,Kolkata,West Bengal
177,Bumb Paints & Hardware,20,WSSTTY5,Sales Hierarchy,Indore,Madhya Pradesh
178,Saini Enterprises,40,WSSTTY12,Sales Hierarchy,Hyderabad,Telangana
179,Virk Enterprises,20,WSSTTY6,Sales Hierarchy,Surat,Gujarat
180,Mutti Enterprises,10,WSSTTY1,Sales Hierarchy,Chennai,Tamil Nadu
181,Lal Enterprises,30,WSSTTY9,Sales Hierarchy,Hyderabad,Telangana
182,Jayaraman Hardware Store,20,WSSTTY5,Sales Hierarchy,Indore,Madhya Pradesh
183,Murthy Enterprises,10,WSSTTY3,Sales Hierarchy,Chennai,Tamil Nadu
184,Khare Agencies,20,WSSTTY5,Sales Hierarchy,Chennai,Tamil Nadu
185,Lanka Traders,40,WSSTTY12,Sales Hierarchy,Bengaluru,Karnataka
186,Randhawa Agencies,20,WSSTTY6,MDI Hierarchy,Ahmedabad,Gujarat
187,Deep Hardware Store,10,WSSTTY2,Sales Hierarchy,Delhi,Delhi
188,Mital Hardware Store,40,WSSTTY12,MDI Hierarchy,Pune,Maharashtra
189,Shankar Enterprises,30,WSSTTY8,Sales Hierarchy,Pune,Maharashtra
190,Mutti Agencies,40,WSSTTY10,Sales Hierarchy,Pune,Maharashtra
191,Bora Traders,10,WSSTTY3,Sales Hierarchy,Indore,Madhya Pradesh
192,Andra Building Materials,10,WSSTTY2,Sales Hierarchy,Ahmedabad,Gujarat
193,Shanker Building Materials,10,WSSTTY1,Sales Hierarchy,Mumbai,Maharashtra
194,Chaudhry Building Materials,40,WSSTTY11,Sales Hierarchy,Jaipur,Rajasthan
195,Borah Agencies,10,WSSTTY1,Sales Hierarchy,Chennai,Tamil Nadu
196,Yogi Enterprises,20,WSSTTY6,Sales Hierarchy,Pune,Maharashtra
197,Kala Agencies,10,WSSTTY3,MDI Hierarchy,Chennai,Tamil Nadu
198,Toor Agencies,10,WSSTTY3,MDI Hierarchy,Hyderabad,Telangana
199,Lanka Traders,40,WSSTTY11,Sales Hierarchy,Mumbai,Maharashtra
200,Deo Traders,20,WSSTTY6,Sales Hierarchy,Lucknow,Uttar Pradesh
201,Palla Hardware Store,10,WSSTTY3,Sales Hierarchy,Chennai,Tamil Nadu
202,Biswas Building Materials,30,WSSTTY7,Sales Hierarchy,Lucknow,Uttar Pradesh
203,Konda Paints & Hardware,10,WSSTTY2,Sales Hierarchy,Surat,Gujarat
204,Pingle Enterprises,30,WSSTTY9,MDI Hierarchy,Kolkata,West Bengal
205,Mane Hardware Store,10,WSSTTY2,Sales Hierarchy,Surat,Gujarat
206,Dugar Building Materials,30,WSSTTY9,MDI Hierarchy,Chennai,Tamil Nadu
207,Sarma Hardware Store,10,WSSTTY3,MDI Hierarchy,Chennai,Tamil Nadu
208,Mittal Building Materials,10,WSSTTY1,Sales Hierarchy,Bengaluru,Karnataka
209,Wadhwa Enterprises,40,WSSTTY11,Sales Hierarchy,Surat,Gujarat
210,Anand Building Materials,40,WSSTTY11,Sales Hierarchy,Jaipur,Rajasthan
211,Mistry Agencies,10,WSSTTY3,Sales Hierarchy,Lucknow,Uttar Pradesh
212,Chawla Building Materials,10,WSSTTY3,MDI Hierarchy,Kolkata,West Bengal
213,Desai Building Materials,30,WSSTTY9,MDI Hierarchy,Mumbai,Maharashtra
214,Lalla Agencies,30,WSSTTY7,Sales Hierarchy,Kolkata,West Bengal
215,D’Alia Hardware Store,30,WSSTTY9,MDI Hierarchy,Bengaluru,Karnataka
216,Chhabra Traders,30,WSSTTY9,Sales Hierarchy,Ahmedabad,Gujarat
217,Dugal Traders,10,WSSTTY3,MDI Hierarchy,Indore,Madhya Pradesh
218,Magar Traders,10,WSSTTY3,Sales Hierarchy,Chennai,Tamil Nadu
219,Manda Paints & Hardware,10,WSSTTY3,Sales Hierarchy,Mumbai,Maharashtra
220,Kade Building Materials,10,WSSTTY1,Sales Hierarchy,Ahmedabad,Gujarat
221,Oza Enterprises,40,WSSTTY11,Sales Hierarchy,Kolkata,West Bengal
222,Jani Paints & Hardware,10,WSSTTY1,Sales Hierarchy,Pune,Maharashtra
223,Lalla Agencies,40,WSSTTY10,Sales Hierarchy,Indore,Madhya Pradesh
224,Tiwari Hardware Store,10,WSSTTY3,MDI Hierarchy,Mumbai,Maharashtra
225,Suresh Building Materials,10,WSSTTY1,Sales Hierarchy,Indore,Madhya Pradesh
226,Krishnamurthy Enterprises,30,WSSTTY8,Sales Hierarchy,Surat,Gujarat
227,Behl Enterprises,10,WSSTTY3,Sales Hierarchy,Hyderabad,Telangana
228,Chanda Paints & Hardware,10,WSSTTY1,Sales Hierarchy,Chennai,Tamil Nadu
229,Sampath Traders,10,WSSTTY1,Sales Hierarchy,Chennai,Tamil Nadu
230,Malhotra Traders,10,WSSTTY3,Sales Hierarchy,Indore,Madhya Pradesh
231,Basu Building Materials,10,WSSTTY1,Sales Hierarchy,Lucknow,Uttar Pradesh
232,Aggarwal Hardware Store,40,WSSTTY12,Sales Hierarchy,Pune,Maharashtra
233,Nath Paints & Hardware,40,WSSTTY11,Sales Hierarchy,Ahmedabad,Gujarat
234,De Hardware Store,30,WSSTTY9,Sales Hierarchy,Lucknow,Uttar Pradesh
235,Lala Hardware Store,10,WSSTTY1,Sales Hierarchy,Kolkata,West Bengal
236,Edwin Enterprises,40,WSSTTY11,Sales Hierarchy,Bengaluru,Karnataka
237,Sathe Enterprises,20,WSSTTY4,Sales Hierarchy,Kolkata,West Bengal
238,Sane Building Materials,30,WSSTTY9,MDI Hierarchy,Delhi,Delhi
239,Andra Enterprises,10,WSSTTY3,Sales Hierarchy,Delhi,Delhi
240,Choudhury Paints & Hardware,30,WSSTTY9,Sales Hierarchy,Bengaluru,Karnataka
241,Borra Hardware Store,40,WSSTTY12,MDI Hierarchy,Jaipur,Rajasthan
242,Dixit Enterprises,10,WSSTTY3,Sales Hierarchy,Chennai,Tamil Nadu
243,Banik Traders,40,WSSTTY12,MDI Hierarchy,Pune,Maharashtra
244,Pingle Agencies,40,WSSTTY12,Sales Hierarchy,Kolkata,West Bengal
245,Divan Enterprises,10,WSSTTY3,Sales Hierarchy,Lucknow,Uttar Pradesh
246,Sani Agencies,10,WSSTTY2,Sales Hierarchy,Jaipur,Rajasthan
247,Datta Hardware Store,40,WSSTTY11,Sales Hierarchy,Bengaluru,Karnataka
248,Barman Enterprises,20,WSSTTY4,Sales Hierarchy,Surat,Gujarat
249,Morar Hardware Store,10,WSSTTY3,MDI Hierarchy,Lucknow,Uttar Pradesh
250,Patla Paints & Hardware,40,WSSTTY12,MDI Hierarchy,Mumbai,Maharashtra
251,Baral Paints & Hardware,30,WSSTTY9,Sales Hierarchy,Bengaluru,Karnataka
252,Parmar Traders,10,WSSTTY3,Sales Hierarchy,Ahmedabad,Gujarat
253,Kade Traders,40,WSSTTY11,Sales Hierarchy,Bengaluru,Karnataka
254,Krish Hardware Store,20,WSSTTY4,Sales Hierarchy,Pune,Maharashtra
255,Chauhan Agencies,10,WSSTTY1,Sales Hierarchy,Delhi,Delhi
256,Pandya Paints & Hardware,10,WSSTTY3,MDI Hierarchy,Hyderabad,Telangana
257,Ray Enterprises,40,WSSTTY12,MDI Hierarchy,Ahmedabad,Gujarat
258,Dubey Agencies,40,WSSTTY12,Sales Hierarchy,Jaipur,Rajasthan
259,Khalsa Building Materials,10,WSSTTY1,Sales Hierarchy,Surat,Gujarat
260,Gaba Agencies,10,WSSTTY2,Sales Hierarchy,Jaipur,Rajasthan
261,Goel Hardware Store,40,WSSTTY12,Sales Hierarchy,Chennai,Tamil Nadu
262,Sachar Agencies,20,WSSTTY4,Sales Hierarchy,Hyderabad,Telangana
263,Bakshi Enterprises,20,WSSTTY6,MDI Hierarchy,Mumbai,Maharashtra
264,Gola Enterprises,20,WSSTTY6,MDI Hierarchy,Mumbai,Maharashtra
265,Natarajan Traders,20,WSSTTY6,Sales Hierarchy,Pune,Maharashtra
266,Sabharwal Enterprises,10,WSSTTY2,Sales Hierarchy,Lucknow,Uttar Pradesh
267,Kothari Enterprises,40,WSSTTY12,MDI Hierarchy,Lucknow,Uttar Pradesh
268,Loke Agencies,30,WSSTTY9,Sales Hierarchy,Indore,Madhya Pradesh
269,Dutta Traders,10,WSSTTY2,Sales Hierarchy,Hyderabad,Telangana
270,Chokshi Enterprises,30,WSSTTY8,Sales Hierarchy,Pune,Maharashtra
271,Raja Traders,10,WSSTTY3,Sales Hierarchy,Mumbai,Maharashtra
272,Barad Building Materials,20,WSSTTY5,Sales Hierarchy,Ahmedabad,Gujarat
273,Singhal Agencies,40,WSSTTY11,Sales Hierarchy,Delhi,Delhi
274,Kapadia Hardware Store,20,WSSTTY6,Sales Hierarchy,Chennai,Tamil Nadu
275,Iyengar Hardware Store,30,WSSTTY8,Sales Hierarchy,Hyderabad,Telangana
276,Sharma Enterprises,10,WSSTTY1,Sales Hierarchy,Surat,Gujarat
277,Palla Enterprises,10,WSSTTY2,Sales Hierarchy,Lucknow,Uttar Pradesh
278,Mody Hardware Store,40,WSSTTY12,Sales Hierarchy,Jaipur,Rajasthan
279,Kari Traders,20,WSSTTY6,MDI Hierarchy,Hyderabad,Telangana
280,Kapoor Traders,20,WSSTTY6,MDI Hierarchy,Indore,Madhya Pradesh
281,Bajwa Traders,40,WSSTTY12,Sales Hierarchy,Surat,Gujarat
282,Hans Hardware Store,10,WSSTTY3,Sales Hierarchy,Ahmedabad,Gujarat
283,Rastogi Agencies,10,WSSTTY1,Sales Hierarchy,Jaipur,Rajasthan
284,Narasimhan Building Materials,10,WSSTTY1,Sales Hierarchy,Pune,Maharashtra
285,Mallick Paints & Hardware,20,WSSTTY4,Sales Hierarchy,Jaipur,Rajasthan
286,Boase Traders,40,WSSTTY12,Sales Hierarchy,Chennai,Tamil Nadu
287,Mallick Agencies,20,WSSTTY4,Sales Hierarchy,Indore,Madhya Pradesh
288,Panchal Paints & Hardware,20,WSSTTY6,MDI Hierarchy,Ahmedabad,Gujarat
289,Upadhyay Paints & Hardware,10,WSSTTY2,Sales Hierarchy,Pune,Maharashtra
290,Ratta Paints & Hardware,20,WSSTTY6,MDI Hierarchy,Bengaluru,Karnataka
291,Yadav Building Materials,10,WSSTTY3,MDI Hierarchy,Ahmedabad,Gujarat
292,Narula Agencies,10,WSSTTY3,Sales Hierarchy,Ahmedabad,Gujarat
293,Bala Paints & Hardware,30,WSSTTY7,Sales Hierarchy,Pune,Maharashtra
294,D’Alia Enterprises,40,WSSTTY11,Sales Hierarchy,Kolkata,West Bengal
295,Lal Building Materials,10,WSSTTY2,Sales Hierarchy,Delhi,Delhi
296,Gokhale Enterprises,10,WSSTTY3,MDI Hierarchy,Lucknow,Uttar Pradesh
297,Lanka Building Materials,30,WSSTTY7,Sales Hierarchy,Kolkata,West Bengal
298,Barad Agencies,10,WSSTTY2,Sales Hierarchy,Kolkata,West Bengal
299,Chopra Traders,30,WSSTTY9,Sales Hierarchy,Lucknow,Uttar Pradesh
300,Saraf Traders,40,WSSTTY11,Sales Hierarchy,Kolkata,West Bengal
301,Pai Enterprises,10,WSSTTY3,Sales Hierarchy,Ahmedabad,Gujarat
302,Murthy Enterprises,10,WSSTTY1,Sales Hierarchy,Pune,Maharashtra
303,Sarin Agencies,10,WSSTTY1,Sales Hierarchy,Delhi,Delhi
304,Vaidya Traders,10,WSSTTY3,Sales Hierarchy,Bengaluru,Karnataka
305,D’Alia Hardware Store,20,WSSTTY6,MDI Hierarchy,Lucknow,Uttar Pradesh
306,Rajan Building Materials,40,WSSTTY12,MDI Hierarchy,Chennai,Tamil Nadu
307,Gupta Traders,20,WSSTTY4,Sales Hierarchy,Pune,Maharashtra
308,Kumar Enterprises,20,WSSTTY6,Sales Hierarchy,Delhi,Delhi
309,Basu Hardware Store,40,WSSTTY11,Sales Hierarchy,Mumbai,Maharashtra
310,Sarin Traders,30,WSSTTY9,MDI Hierarchy,Chennai,Tamil Nadu
311,Agarwal Agencies,10,WSSTTY3,MDI Hierarchy,Pune,Maharashtra
312,Venkatesh Building Materials,40,WSSTTY11,Sales Hierarchy,Pune,Maharashtra
313,Yohannan Building Materials,30,WSSTTY9,Sales Hierarchy,Lucknow,Uttar Pradesh
314,Hegde Enterprises,10,WSSTTY1,Sales Hierarchy,Hyderabad,Telangana
315,Patla Building Materials,10,WSSTTY2,Sales Hierarchy,Lucknow,Uttar Pradesh
316,Sankar Hardware Store,30,WSSTTY9,Sales Hierarchy,Indore,Madhya Pradesh
317,Boase Building Materials,10,WSSTTY1,Sales Hierarchy,Delhi,Delhi
318,Narayanan Paints & Hardware,10,WSSTTY3,Sales Hierarchy,Kolkata,West Bengal
319,Murthy Building Materials,10,WSSTTY3,Sales Hierarchy,Chennai,Tamil Nadu
320,Dash Building Materials,10,WSSTTY3,MDI Hierarchy,Delhi,Delhi
321,Mital Hardware Store,20,WSSTTY5,Sales Hierarchy,Ahmedabad,Gujarat
322,Tripathi Hardware Store,10,WSSTTY1,Sales Hierarchy,Delhi,Delhi
323,More Agencies,10,WSSTTY3,MDI Hierarchy,Chennai,Tamil Nadu
324,Rege Building Materials,10,WSSTTY3,Sales Hierarchy,Pune,Maharashtra
325,Narain Paints & Hardware,10,WSSTTY1,Sales Hierarchy,Kolkata,West Bengal
326,Rau Paints & Hardware,10,WSSTTY2,Sales Hierarchy,Mumbai,Maharashtra
327,Merchant Enterprises,40,WSSTTY12,MDI Hierarchy,Indore,Madhya Pradesh
328,Datta Building Materials,10,WSSTTY3,Sales Hierarchy,Delhi,Delhi
329,Handa Building Materials,30,WSSTTY7,Sales Hierarchy,Jaipur,Rajasthan
330,Salvi Traders,40,WSSTTY12,MDI Hierarchy,Ahmedabad,Gujarat
331,Raghavan Traders,30,WSSTTY9,Sales Hierarchy,Chennai,Tamil Nadu
332,Ghosh Enterprises,30,WSSTTY9,MDI Hierarchy,Hyderabad,Telangana
333,Mitra Agencies,40,WSSTTY12,Sales Hierarchy,Chennai,Tamil Nadu
334,Ravi Hardware Store,40,WSSTTY10,Sales Hierarchy,Lucknow,Uttar Pradesh
335,Acharya Agencies,10,WSSTTY3,Sales Hierarchy,Kolkata,West Bengal
336,Modi Hardware Store,10,WSSTTY3,MDI Hierarchy,Chennai,Tamil Nadu
337,Mangat Hardware Store,10,WSSTTY3,MDI Hierarchy,Chennai,Tamil Nadu
338,Kade Agencies,20,WSSTTY5,Sales Hierarchy,Jaipur,Rajasthan
339,Sani Traders,10,WSSTTY3,Sales Hierarchy,Hyderabad,Telangana
340,Nagy Agencies,20,WSSTTY5,Sales Hierarchy,Bengaluru,Karnataka
341,Shroff Building Materials,40,WSSTTY10,Sales Hierarchy,Kolkata,West Bengal
342,Sathe Traders,20,WSSTTY5,Sales Hierarchy,Ahmedabad,Gujarat
343,Sathe Building Materials,20,WSSTTY4,Sales Hierarchy,Pune,Maharashtra
344,Kala Paints & Hardware,20,WSSTTY6,Sales Hierarchy,Kolkata,West Bengal
345,Vaidya Traders,10,WSSTTY1,Sales Hierarchy,Chennai,Tamil Nadu
346,Solanki Agencies,40,WSSTTY11,Sales Hierarchy,Kolkata,West Bengal
347,Gara Enterprises,40,WSSTTY12,Sales Hierarchy,Kolkata,West Bengal
348,Chad Building Materials,40,WSSTTY11,Sales Hierarchy,Ahmedabad,Gujarat
349,Mander Hardware Store,30,WSSTTY7,Sales Hierarchy,Indore,Madhya Pradesh
350,Varma Building Materials,30,WSSTTY9,MDI Hierarchy,Bengaluru,Karnataka
351,Nayak Agencies,10,WSSTTY3,Sales Hierarchy,Hyderabad,Telangana
352,Chander Paints & Hardware,40,WSSTTY11,Sales Hierarchy,Chennai,Tamil Nadu
353,Keer Agencies,10,WSSTTY3,Sales Hierarchy,Kolkata,West Bengal
354,Mukherjee Agencies,20,WSSTTY4,Sales Hierarchy,Indore,Madhya Pradesh
355,Kar Hardware Store,40,WSSTTY12,Sales Hierarchy,Jaipur,Rajasthan
356,Issac Agencies,20,WSSTTY6,Sales Hierarchy,Kolkata,West Bengal
357,Din Building Materials,10,WSSTTY2,Sales Hierarchy,Hyderabad,Telangana
358,Bakshi Hardware Store,20,WSSTTY6,Sales Hierarchy,Chennai,Tamil Nadu
359,Batra Traders,10,WSSTTY3,Sales Hierarchy,Chennai,Tamil Nadu
360,Konda Paints & Hardware,30,WSSTTY9,MDI Hierarchy,Ahmedabad,Gujarat
361,Soman Enterprises,10,WSSTTY3,Sales Hierarchy,Chennai,Tamil Nadu
362,Bora Paints & Hardware,10,WSSTTY3,Sales Hierarchy,Surat,Gujarat
363,Shah Paints & Hardware,10,WSSTTY1,Sales Hierarchy,Ahmedabad,Gujarat
364,Sachdeva Traders,10,WSSTTY3,MDI Hierarchy,Pune,Maharashtra
365,Hayer Building Materials,10,WSSTTY1,Sales Hierarchy,Pune,Maharashtra
366,Rajagopalan Agencies,10,WSSTTY3,Sales Hierarchy,Jaipur,Rajasthan
367,Talwar Hardware Store,10,WSSTTY1,Sales Hierarchy,Jaipur,Rajasthan
368,Ratta Traders,30,WSSTTY9,MDI Hierarchy,Kolkata,West Bengal
369,Kohli Paints & Hardware,30,WSSTTY7,Sales Hierarchy,Lucknow,Uttar Pradesh
370,Divan Enterprises,30,WSSTTY9,Sales Hierarchy,Lucknow,Uttar Pradesh
371,Ahluwalia Paints & Hardware,20,WSSTTY4,Sales Hierarchy,Ahmedabad,Gujarat
372,Chhabra Agencies,10,WSSTTY3,MDI Hierarchy,Ahmedabad,Gujarat
373,Sandal Paints & Hardware,10,WSSTTY1,Sales Hierarchy,Lucknow,Uttar Pradesh
374,Kanda Enterprises,40,WSSTTY12,Sales Hierarchy,Indore,Madhya Pradesh
375,Goda Enterprises,30,WSSTTY9,MDI Hierarchy,Mumbai,Maharashtra
376,Vasa Agencies,30,WSSTTY7,Sales Hierarchy,Chennai,Tamil Nadu
377,Shetty Paints & Hardware,40,WSSTTY12,MDI Hierarchy,Indore,Madhya Pradesh
378,Bedi Building Materials,10,WSSTTY1,Sales Hierarchy,Delhi,Delhi
379,Krish Agencies,10,WSSTTY1,Sales Hierarchy,Bengaluru,Karnataka
380,Dara Paints & Hardware,20,WSSTTY5,Sales Hierarchy,Delhi,Delhi
381,Shan Paints & Hardware,30,WSSTTY9,Sales Hierarchy,Jaipur,Rajasthan
382,Deol Enterprises,20,WSSTTY6,Sales Hierarchy,Bengaluru,Karnataka
383,Shetty Traders,10,WSSTTY1,Sales Hierarchy,Surat,Gujarat
384,Wali Building Materials,30,WSSTTY9,Sales Hierarchy,Kolkata,West Bengal
385,Nadig Enterprises,10,WSSTTY3,MDI Hierarchy,Delhi,Delhi
386,Savant Enterprises,20,WSSTTY6,Sales Hierarchy,Bengaluru,Karnataka
387,Thaman Building Materials,30,WSSTTY7,Sales Hierarchy,Jaipur,Rajasthan
388,Sandhu Paints & Hardware,10,WSSTTY3,Sales Hierarchy,Hyderabad,Telangana
389,Sehgal Building Materials,10,WSSTTY1,Sales Hierarchy,Surat,Gujarat
390,Dutt Traders,20,WSSTTY6,Sales Hierarchy,Ahmedabad,Gujarat
391,Soman Agencies,30,WSSTTY9,MDI Hierarchy,Mumbai,Maharashtra
392,Sengupta Traders,10,WSSTTY3,Sales Hierarchy,Delhi,Delhi
393,Lad Hardware Store,40,WSSTTY12,Sales Hierarchy,Jaipur,Rajasthan
394,Kota Building Materials,20,WSSTTY5,Sales Hierarchy,Indore,Madhya Pradesh
395,Malhotra Traders,20,WSSTTY4,Sales Hierarchy,Pune,Maharashtra
396,Verma Paints & Hardware,20,WSSTTY4,Sales Hierarchy,Pune,Maharashtra
397,Sundaram Enterprises,20,WSSTTY6,Sales Hierarchy,Bengaluru,Karnataka
398,Khare Paints & Hardware,30,WSSTTY7,Sales Hierarchy,Jaipur,Rajasthan
399,Maharaj Hardware Store,10,WSSTTY3,MDI Hierarchy,Hyderabad,Telangana
400,Sarraf Enterprises,30,WSSTTY8,Sales Hierarchy,Surat,Gujarat
401,Brahmbhatt Hardware Store,20,WSSTTY4,Sales Hierarchy,Chennai,Tamil Nadu
402,Mangal Hardware Store,10,WSSTTY3,Sales Hierarchy,Hyderabad,Telangana
403,Keer Building Materials,30,WSSTTY7,Sales Hierarchy,Hyderabad,Telangana
404,Magar Paints & Hardware,40,WSSTTY12,Sales Hierarchy,Chennai,Tamil Nadu
405,Nayak Hardware Store,40,WSSTTY12,MDI Hierarchy,Hyderabad,Telangana
406,Nagarajan Paints & Hardware,10,WSSTTY1,Sales Hierarchy,Chennai,Tamil Nadu
407,Zachariah Traders,10,WSSTTY3,Sales Hierarchy,Mumbai,Maharashtra
408,Buch Agencies,40,WSSTTY12,MDI Hierarchy,Pune,Maharashtra
409,Devi Traders,10,WSSTTY3,Sales Hierarchy,Kolkata,West Bengal
410,Dora Paints & Hardware,10,WSSTTY1,Sales Hierarchy,Ahmedabad,Gujarat
411,Kashyap Traders,40,WSSTTY12,MDI Hierarchy,Mumbai,Maharashtra
412,Rajagopal Agencies,10,WSSTTY1,Sales Hierarchy,Delhi,Delhi
413,Dua Agencies,10,WSSTTY3,MDI Hierarchy,Ahmedabad,Gujarat
414,Kala Enterprises,40,WSSTTY11,Sales Hierarchy,Delhi,Delhi
415,Bhatt Hardware Store,30,WSSTTY9,Sales Hierarchy,Lucknow,Uttar Pradesh
416,Sachdeva Hardware Store,10,WSSTTY3,Sales Hierarchy,Pune,Maharashtra
417,Reddy Paints & Hardware,10,WSSTTY2,Sales Hierarchy,Bengaluru,Karnataka
418,Narayanan Building Materials,10,WSSTTY3,Sales Hierarchy,Ahmedabad,Gujarat
419,Shukla Building Materials,40,WSSTTY12,MDI Hierarchy,Indore,Madhya Pradesh
420,Sagar Enterprises,30,WSSTTY9,Sales Hierarchy,Jaipur,Rajasthan
421,Bhatia Traders,20,WSSTTY5,Sales Hierarchy,Pune,Maharashtra
422,Jhaveri Traders,10,WSSTTY2,Sales Hierarchy,Surat,Gujarat
423,Salvi Hardware Store,10,WSSTTY3,MDI Hierarchy,Pune,Maharashtra
424,Ramachandran Enterprises,20,WSSTTY6,Sales Hierarchy,Surat,Gujarat
425,Bahri Building Materials,10,WSSTTY2,Sales Hierarchy,Kolkata,West Bengal
426,Rai Hardware Store,40,WSSTTY12,Sales Hierarchy,Delhi,Delhi
427,Sood Enterprises,10,WSSTTY1,Sales Hierarchy,Pune,Maharashtra
428,Ahuja Building Materials,30,WSSTTY7,Sales Hierarchy,Lucknow,Uttar Pradesh
429,Pandey Agencies,40,WSSTTY12,MDI Hierarchy,Mumbai,Maharashtra
430,Misra Building Materials,30,WSSTTY8,Sales Hierarchy,Jaipur,Rajasthan
431,Ramakrishnan Agencies,10,WSSTTY3,Sales Hierarchy,Surat,Gujarat
432,Saini Traders,10,WSSTTY2,Sales Hierarchy,Ahmedabad,Gujarat
433,Yohannan Hardware Store,40,WSSTTY12,Sales Hierarchy,Hyderabad,Telangana
434,Kannan Traders,10,WSSTTY2,Sales Hierarchy,Lucknow,Uttar Pradesh
435,Sura Building Materials,10,WSSTTY2,Sales Hierarchy,Surat,Gujarat
436,Kanda Paints & Hardware,10,WSSTTY3,Sales Hierarchy,Hyderabad,Telangana
437,Mahajan Agencies,10,WSSTTY1,Sales Hierarchy,Kolkata,West Bengal
438,Sarin Building Materials,10,WSSTTY1,Sales Hierarchy,Pune,Maharashtra
439,Sunder Hardware Store,20,WSSTTY6,Sales Hierarchy,Chennai,Tamil Nadu
440,Balakrishnan Building Materials,10,WSSTTY3,Sales Hierarchy,Jaipur,Rajasthan
441,Ramachandran Building Materials,10,WSSTTY1,Sales Hierarchy,Jaipur,Rajasthan
442,Nayar Hardware Store,10,WSSTTY2,Sales Hierarchy,Jaipur,Rajasthan
443,Ravel Enterprises,10,WSSTTY1,Sales Hierarchy,Hyderabad,Telangana
444,Gandhi Agencies,20,WSSTTY5,Sales Hierarchy,Mumbai,Maharashtra
445,Sibal Traders,40,WSSTTY11,Sales Hierarchy,Hyderabad,Telangana
446,Datta Agencies,30,WSSTTY9,MDI Hierarchy,Bengaluru,Karnataka
447,Walla Traders,10,WSSTTY3,Sales Hierarchy,Mumbai,Maharashtra
448,Bala Traders,10,WSSTTY1,Sales Hierarchy,Pune,Maharashtra
449,Ramesh Agencies,30,WSSTTY9,Sales Hierarchy,Surat,Gujarat
450,Bala Agencies,30,WSSTTY9,MDI Hierarchy,Kolkata,West Bengal
451,Chacko Building Materials,30,WSSTTY7,Sales Hierarchy,Pune,Maharashtra
452,Sangha Traders,10,WSSTTY1,Sales Hierarchy,Indore,Madhya Pradesh
453,Deshmukh Hardware Store,40,WSSTTY12,MDI Hierarchy,Ahmedabad,Gujarat
454,Shenoy Building Materials,10,WSSTTY1,Sales Hierarchy,Chennai,Tamil Nadu
455,Gopal Agencies,30,WSSTTY9,MDI Hierarchy,Chennai,Tamil Nadu
456,Bedi Agencies,10,WSSTTY1,Sales Hierarchy,Ahmedabad,Gujarat
457,Lad Agencies,20,WSSTTY4,Sales Hierarchy,Delhi,Delhi
458,Raghavan Agencies,20,WSSTTY6,Sales Hierarchy,Delhi,Delhi
459,Narang Paints & Hardware,30,WSSTTY9,MDI Hierarchy,Ahmedabad,Gujarat
460,Kakar Agencies,40,WSSTTY12,Sales Hierarchy,Pune,Maharashtra
461,Sha Hardware Store,20,WSSTTY4,Sales Hierarchy,Delhi,Delhi
462,Narain Paints & Hardware,10,WSSTTY1,Sales Hierarchy,Bengaluru,Karnataka
463,Nazareth Paints & Hardware,10,WSSTTY1,Sales Hierarchy,Mumbai,Maharashtra
464,Raghavan Traders,10,WSSTTY3,MDI Hierarchy,Mumbai,Maharashtra
465,Mall Building Materials,30,WSSTTY8,Sales Hierarchy,Bengaluru,Karnataka
466,Sama Building Materials,10,WSSTTY3,MDI Hierarchy,Hyderabad,Telangana
467,Krishnan Traders,10,WSSTTY1,Sales Hierarchy,Delhi,Delhi
468,Bumb Agencies,10,WSSTTY1,Sales Hierarchy,Mumbai,Maharashtra
469,Singhal Traders,40,WSSTTY10,Sales Hierarchy,Surat,Gujarat
470,Bahl Hardware Store,40,WSSTTY12,MDI Hierarchy,Chennai,Tamil Nadu
471,Zacharia Traders,10,WSSTTY3,Sales Hierarchy,Kolkata,West Bengal
472,Ben Hardware Store,10,WSSTTY3,Sales Hierarchy,Bengaluru,Karnataka
473,Palla Enterprises,10,WSSTTY3,Sales Hierarchy,Chennai,Tamil Nadu
474,Kapur Agencies,10,WSSTTY1,Sales Hierarchy,Hyderabad,Telangana
475,Biswas Enterprises,40,WSSTTY12,Sales Hierarchy,Delhi,Delhi
476,Baria Paints & Hardware,30,WSSTTY7,Sales Hierarchy,Chennai,Tamil Nadu
477,Balasubramanian Agencies,20,WSSTTY4,Sales Hierarchy,Delhi,Delhi
478,Kota Traders,10,WSSTTY3,MDI Hierarchy,Delhi,Delhi
479,Iyengar Traders,20,WSSTTY6,Sales Hierarchy,Jaipur,Rajasthan
480,Bahri Agencies,20,WSSTTY4,Sales Hierarchy,Pune,Maharashtra
481,Dua Hardware Store,30,WSSTTY7,Sales Hierarchy,Hyderabad,Telangana
482,Khare Building Materials,20,WSSTTY4,Sales Hierarchy,Hyderabad,Telangana
483,Date Building Materials,40,WSSTTY12,MDI Hierarchy,Ahmedabad,Gujarat
484,Solanki Traders,10,WSSTTY3,MDI Hierarchy,Bengaluru,Karnataka
485,Contractor Hardware Store,10,WSSTTY3,MDI Hierarchy,Pune,Maharashtra
486,Kamdar Agencies,40,WSSTTY12,Sales Hierarchy,Chennai,Tamil Nadu
487,Shroff Traders,40,WSSTTY12,MDI Hierarchy,Bengaluru,Karnataka
488,Kunda Building Materials,10,WSSTTY3,Sales Hierarchy,Delhi,Delhi
489,Pillay Enterprises,10,WSSTTY3,Sales Hierarchy,Indore,Madhya Pradesh
490,Ganesh Agencies,40,WSSTTY11,Sales Hierarchy,Ahmedabad,Gujarat
491,Contractor Traders,10,WSSTTY2,Sales Hierarchy,Delhi,Delhi
492,Gade Hardware Store,10,WSSTTY2,Sales Hierarchy,Delhi,Delhi
493,Mukhopadhyay Traders,10,WSSTTY3,Sales Hierarchy,Indore,Madhya Pradesh
494,Chokshi Enterprises,10,WSSTTY3,MDI Hierarchy,Lucknow,Uttar Pradesh
495,Bal Agencies,20,WSSTTY6,Sales Hierarchy,Bengaluru,Karnataka
496,Muni Hardware Store,40,WSSTTY12,Sales Hierarchy,Mumbai,Maharashtra
497,Prashad Agencies,20,WSSTTY5,Sales Hierarchy,Kolkata,West Bengal
498,Ranganathan Traders,40,WSSTTY11,Sales Hierarchy,Hyderabad,Telangana
499,Issac Agencies,40,WSSTTY12,Sales Hierarchy,Jaipur,Rajasthan
500,Borra Paints & Hardware,10,WSSTTY1,Sales Hierarchy,Kolkata,West Bengal
901,Kapoor Traders,10,wsstty1,sales hierarchy,  pune  ,  maharashtra  
902,Orphan Hardware,10,WSSTTQ77,Sales Hierarchy,Delhi,Delhi
903,,20,WSSTTY4,Sales Hierarchy,Surat,Gujarat
